<?xml version="1.0" encoding="UTF-8"?>
<!DOCTYPE hibernate-configuration PUBLIC
        "-//Hibernate/Hibernate Configuration DTD 3.0//EN"
        "http://www.hibernate.org/dtd/hibernate-configuration-3.0.dtd">

<hibernate-configuration>
    <session-factory>
        <!-- Database connection settings -->
        <property name="hibernate.dialect">org.hibernate.dialect.MySQL8Dialect</property>
        <property name="hibernate.connection.driver_class">com.mysql.cj.jdbc.Driver</property>        <property name="hibernate.connection.url">jdbc:mysql://localhost:3306/manytomany_hibernate_db?useSSL=false&amp;serverTimezone=UTC</property>
        <property name="hibernate.connection.username">root</property>
        <property name="hibernate.connection.password">1066</property>
        
        <!-- Connection pool settings -->
        <property name="hibernate.connection.pool_size">10</property>
          <!-- Hibernate settings -->
        <property name="hibernate.hbm2ddl.auto">update</property>
        <property name="hibernate.show_sql">false</property>
        <property name="hibernate.format_sql">false</property>
        <property name="hibernate.use_sql_comments">false</property>
        
        <!-- Disable Hibernate logging -->
        <property name="hibernate.connection.provider_disables_autocommit">true</property>
        <property name="hibernate.temp.use_jdbc_metadata_defaults">false</property>
        
        <!-- Current session context -->
        <property name="hibernate.current_session_context_class">thread</property>
          <!-- Entity mappings -->
        <mapping class="com.fe.pojo.Student"/>
        <mapping class="com.fe.pojo.Book"/>
        
    </session-factory>
</hibernate-configuration>