<?xml version = "1.0" encoding = "utf-8"?>
<!DOCTYPE hibernate-configuration SYSTEM
"http://www.hibernate.org/dtd/hibernate-configuration-3.0.dtd">
<hibernate-configuration>
    <session-factory>
        <property name="hbm2ddl.auto">update</property>
        <property name="dialect">org.hibernate.dialect.SQLServerDialect</property>
        <property name="connection.url">jdbc:sqlserver://localhost:1433;DatabaseName=tutorial;encrypt=true;trustServerCertificate=true</property>
        <property name="connection.username">sa</property>
        <property name="connection.password">P@ssw0rd</property>
        <property name="connection.driver_class">com.microsoft.sqlserver.jdbc.SQLServerDriver</property>
        <mapping class="com.fe.pojo.Student" />
        <mapping class="com.fe.pojo.Book" />
    </session-factory>
</hibernate-configuration>